fight_key,event,event_date,bout,winner,clean_actual_method,base_KO,base_SUB,base_DEC,knockdown_interaction,ground_strike_interaction,submission_attempt_interaction,td_access_interaction,control_interaction,offensive_wrestling_exposure_interaction,winner_round3_retention,opponent_round3_retention,winner_log_ufc_bouts,opponent_log_ufc_bouts
2026-08-08|Amanda Lemos vs. Alexia Thainara,UFC Fight Night: Gamrot vs. Salkilld,2026-08-08T00:00:00+00:00,Amanda Lemos vs. Alexia Thainara,Alexia Thainara,DEC,0.0887527342891076,0.24867511169051362,0.6625721540203788,0.0,121.76882911562578,3.180085178692421,1.9263051871747523,0.939564713937973,8.327104462201955,0.5449999999999999,0.7594183087451426,1.3862943611198906,2.772588722239781
2026-08-08|Billy Ray Goff vs. Ty Miller,UFC Fight Night: Gamrot vs. Salkilld,2026-08-08T00:00:00+00:00,Billy Ray Goff vs. Ty Miller,Ty Miller,KO,0.6422060068676041,0.043526017597288025,0.3142679755351079,3.0100334448160533,3.0100334448160533,0.0,0.0,0.010805830756610084,,,,0.6931471805599453,1.3862943611198906
2026-08-08|Darren Elkins vs. Yadier del Valle,UFC Fight Night: Gamrot vs. Salkilld,2026-08-08T00:00:00+00:00,Darren Elkins vs. Yadier del Valle,Yadier del Valle,KO,0.277212887855142,0.34249148909484284,0.3802956230500152,0.0,49.818638023497975,5.159427751086888,0.3048160942897785,0.35092080049044244,0.0,,1.3936453655677528,1.3862943611198906,3.4339872044851463
2026-08-08|Diego Ferreira vs. Billy Quarantillo,UFC Fight Night: Gamrot vs. Salkilld,2026-08-08T00:00:00+00:00,Diego Ferreira vs. Billy Quarantillo,Diego Ferreira,DEC,0.4116958419614529,0.17449666116766255,0.4138074968708846,0.3725404621226934,81.53556808956621,0.811751517983789,0.31589234425612744,0.14859835502519175,4.007865703365298,1.4427336669349478,1.2632718075922278,2.8903717578961645,2.4849066497880004
2026-08-08|Diyar Nurgozhay vs. Bruno Lopes,UFC Fight Night: Gamrot vs. Salkilld,2026-08-08T00:00:00+00:00,Diyar Nurgozhay vs. Bruno Lopes,Diyar Nurgozhay,KO,0.581598908910965,0.09150965231032107,0.32689143877871396,0.0,56.57924728303565,0.0,0.0,0.11593708991044141,0.6194081211286993,,,1.3862943611198906,1.3862943611198906
2026-08-08|Gigi Canuto vs. Carol Foro,UFC Fight Night: Gamrot vs. Salkilld,2026-08-08T00:00:00+00:00,Gigi Canuto vs. Carol Foro,Carol Foro,DEC,0.09622718125470153,0.08308789816422821,0.8206849205810702,,,,,,,,,0.0,0.0
2026-08-08|Juliana Miller vs. Ravena Oliveira,UFC Fight Night: Gamrot vs. Salkilld,2026-08-08T00:00:00+00:00,Juliana Miller vs. Ravena Oliveira,Juliana Miller,SUB,0.13000634861103624,0.2793615472563686,0.5906321041325953,0.0,56.38663572101387,1.7239236640387818,1.160600974331682,0.48435007759378923,5.268759978712081,1.1344158040727965,0.6047032474804032,1.791759469228055,1.3862943611198906
2026-08-08|Louie Sutherland vs. Jose Montanha,UFC Fight Night: Gamrot vs. Salkilld,2026-08-08T00:00:00+00:00,Louie Sutherland vs. Jose Montanha,Jose Montanha,SUB,0.446076006506543,0.28496666347425187,0.2689573300192052,,,,,,,,,0.0,1.3862943611198906
2026-08-08|Manoel Sousa vs. Richie Miranda,UFC Fight Night: Gamrot vs. Salkilld,2026-08-08T00:00:00+00:00,Manoel Sousa vs. Richie Miranda,Manoel Sousa,DEC,0.4960519390898599,0.0886950995675488,0.41525296134259126,,,,,,,,,0.6931471805599453,0.0
2026-08-08|Mateusz Gamrot vs. Quillan Salkilld,UFC Fight Night: Gamrot vs. Salkilld,2026-08-08T00:00:00+00:00,Mateusz Gamrot vs. Quillan Salkilld,Quillan Salkilld,SUB,0.5234005360446307,0.26493965020913,0.21165981374623946,2.743856378631727,44.94911053880101,0.6760744435069554,1.0273972602739723,0.3719256124478921,16.185631678689596,,1.549027895181741,1.791759469228055,2.639057329615259
2026-08-08|Miles Johns vs. Gianni Vazquez,UFC Fight Night: Gamrot vs. Salkilld,2026-08-08T00:00:00+00:00,Miles Johns vs. Gianni Vazquez,Miles Johns,KO,0.16550448614937702,0.025803441413813653,0.8086920724368093,0.4230814431778117,7.9327770595839695,0.0,0.3569749676812786,0.20369021036549537,10.788576801034198,1.4925373134328361,,2.4849066497880004,0.6931471805599453
2026-08-08|Steven Asplund vs. Guilherme Pat,UFC Fight Night: Gamrot vs. Salkilld,2026-08-08T00:00:00+00:00,Steven Asplund vs. Guilherme Pat,Steven Asplund,DEC,0.7286386242819384,0.020511117459198373,0.2508502582588632,0.9447165850244926,10.076976906927921,0.0,0.0,0.016275950548168883,,,0.9062499999999999,1.0986122886681096,1.0986122886681096
2026-08-15|Charles Johnson vs. Eduardo Chapolin,UFC 330: Makhachev vs. Machado Garry,2026-08-15T00:00:00+00:00,Charles Johnson vs. Eduardo Chapolin,Charles Johnson,SUB,0.33199774887366557,0.16295170484358315,0.5050505462827513,,,,,,,1.6353232291988866,,2.772588722239781,0.0
2026-08-15|Chidi Njokuani vs. Joel Alvarez,UFC 330: Makhachev vs. Machado Garry,2026-08-15T00:00:00+00:00,Chidi Njokuani vs. Joel Alvarez,Chidi Njokuani,DEC,0.42559490429877567,0.09069794519850473,0.4837071505027196,0.5341246290801187,52.03222104025531,0.20953474049605283,0.0,0.19470338851252575,2.2020043670567158,1.2603301886792453,0.8620766488413549,2.3978952727983707,2.4849066497880004
2026-08-15|Donte Johnson vs. Eric McConico,UFC 330: Makhachev vs. Machado Garry,2026-08-15T00:00:00+00:00,Donte Johnson vs. Eric McConico,Donte Johnson,KO,0.3885988020652966,0.1731552324131571,0.43824596552154627,0.0,10.153539124231859,0.9230490112938053,0.6520864081577887,0.4106046590898158,0.0,,2.2595169873106835,1.0986122886681096,1.6094379124341003
2026-08-15|Edson Barboza vs. Esteban Ribovics,UFC 330: Makhachev vs. Machado Garry,2026-08-15T00:00:00+00:00,Edson Barboza vs. Esteban Ribovics,Esteban Ribovics,KO,0.3332304751825217,0.06796550588763516,0.5988040189298431,0.4776611447234114,51.254165424228866,0.2250035796547786,0.09509721048182586,0.039412767278329576,0.19043609788746088,2.7146777777777777,0.8694845436582457,2.0794415416798357,3.4965075614664802
2026-08-15|Islam Makhachev vs. Ian Machado Garry,UFC 330: Makhachev vs. Machado Garry,2026-08-15T00:00:00+00:00,Islam Makhachev vs. Ian Machado Garry,Islam Makhachev,DEC,0.2700790266364081,0.3003811533677366,0.42953981999585533,0.3305915593803102,31.204542883673287,0.9835238735709483,0.6203765971755211,0.6078895163574833,3.315984372261385,1.0957334848329623,1.7086937316182715,2.9444389791664403,2.4849066497880004
2026-08-15|Jalin Turner vs. Kaue Fernandes,UFC 330: Makhachev vs. Machado Garry,2026-08-15T00:00:00+00:00,Jalin Turner vs. Kaue Fernandes,Jalin Turner,KO,0.3693930427548024,0.23092232437825197,0.39968463286694567,1.4283195203667785,35.14190861920782,1.1109151825074943,0.1464943097812081,0.1759429604009779,0.6348086757185681,0.6308809780654442,0.5838709677419355,2.70805020110221,1.6094379124341003
2026-08-15|Jeremiah Wells vs. Myktybek Orolbai,UFC 330: Makhachev vs. Machado Garry,2026-08-15T00:00:00+00:00,Jeremiah Wells vs. Myktybek Orolbai,Jeremiah Wells,SUB,0.24336584443813636,0.16832235165626053,0.5883118039056031,0.5444230909039185,110.21829473364795,1.3132295719844358,1.8385214007782102,0.5793524609077432,5.208823929170868,0.9267326732673267,0.752125,2.0794415416798357,1.9459101490553132
2026-08-15|Mackenzie Dern vs. Gillian Robertson,UFC 330: Makhachev vs. Machado Garry,2026-08-15T00:00:00+00:00,Mackenzie Dern vs. Gillian Robertson,Mackenzie Dern,DEC,0.126827456688301,0.26196486891185655,0.6112076743998425,0.1322945759223872,91.27717119530304,1.4427476270083097,0.565926797001323,0.3217441517101189,7.675968336145675,1.0033338643775538,1.1713099895048185,2.833213344056216,3.044522437723423
2026-08-15|Mansur Abdul-Malik vs. Dustin Stoltzfus,UFC 330: Makhachev vs. Machado Garry,2026-08-15T00:00:00+00:00,Mansur Abdul-Malik vs. Dustin Stoltzfus,Dustin Stoltzfus,SUB,0.4119550586638603,0.14759461639478286,0.44045032494135683,0.624157911703684,9.362368675555262,1.012861736334405,0.20257234726688095,0.320084270823862,5.709668620173748,0.6853278089203023,,2.3978952727983707,1.6094379124341003
2026-08-15|Neil Magny vs. Ramiz Brahimaj,UFC 330: Makhachev vs. Machado Garry,2026-08-15T00:00:00+00:00,Neil Magny vs. Ramiz Brahimaj,Neil Magny,KO,0.35710064483685716,0.17097558126704795,0.47192377389609486,0.08125872241296021,31.03450449980788,0.32503488965184085,1.1961048720248253,0.30197518976068377,8.527895004196502,2.050077687593802,0.46104433201207395,3.6375861597263857,2.302585092994046
2026-08-15|Rafael Tobias vs. Lucas Fernando,UFC 330: Makhachev vs. Machado Garry,2026-08-15T00:00:00+00:00,Rafael Tobias vs. Lucas Fernando,Lucas Fernando,KO,0.42666723232018194,0.14640099706576631,0.42693177061405174,,,,,,,,,0.0,0.6931471805599453
2026-08-15|Vicente Luque vs. Tresean Gore,UFC 330: Makhachev vs. Machado Garry,2026-08-15T00:00:00+00:00,Vicente Luque vs. Tresean Gore,Tresean Gore,DEC,0.356852128481388,0.2947208407704548,0.34842703074815734,0.0,19.793976688135146,1.2591672602597144,0.7711091119393393,0.17252975750449834,1.2170682105042263,1.2590792107520732,1.0159710148243046,2.0794415416798357,3.258096538021482
2026-08-22|Anthony Hernandez vs. Gregory Rodrigues,UFC Fight Night: Hernandez vs. Rodrigues,2026-08-22T00:00:00+00:00,Anthony Hernandez vs. Gregory Rodrigues,Gregory Rodrigues,DEC,0.631335411613109,0.07712537554544535,0.29153921284144574,1.257621652418674,15.215732292807358,0.5986247703376918,0.6155710153990462,0.20822994718093601,9.198122453459895,1.1749839228295822,1.3355914522147059,2.639057329615259,2.5649493574615367
2026-08-22|Anthony Wint vs. Terrance Chatman,UFC Fight Night: Hernandez vs. Rodrigues,2026-08-22T00:00:00+00:00,Anthony Wint vs. Terrance Chatman,Anthony Wint,SUB,0.5048321699896599,0.13704310335313505,0.3581247266572052,,,,,,,,,0.0,0.0
2026-08-22|Carli Judice vs. Jeisla Chaves,UFC Fight Night: Hernandez vs. Rodrigues,2026-08-22T00:00:00+00:00,Carli Judice vs. Jeisla Chaves,Carli Judice,KO,0.2926875154459699,0.06049432478483619,0.646818159769194,0.6949806949806949,22.934362934362934,0.0,0.34749034749034746,0.0993899613899614,1.3899613899613898,1.3746803069053708,,1.6094379124341003,0.6931471805599453
2026-08-22|Chris Padilla vs. Nasrat Haqparast,UFC Fight Night: Hernandez vs. Rodrigues,2026-08-22T00:00:00+00:00,Chris Padilla vs. Nasrat Haqparast,Chris Padilla,SUB,0.3630443439285447,0.11875073335284166,0.5182049227186136,0.0,16.420627696204534,0.4252087703328452,0.16456247279059644,0.2425114774211422,2.7427078798432736,,1.7437339841366686,1.6094379124341003,2.772588722239781
2026-08-22|Gauge Young vs. Stan Dorsainvil,UFC Fight Night: Hernandez vs. Rodrigues,2026-08-22T00:00:00+00:00,Gauge Young vs. Stan Dorsainvil,Stan Dorsainvil,DEC,0.4119248354302205,0.23274153914797213,0.35533362542180735,,,,,,,,2.3114754098360653,0.0,1.3862943611198906
2026-08-22|Jamall Emmers vs. Lerryan Douglas,UFC Fight Night: Hernandez vs. Rodrigues,2026-08-22T00:00:00+00:00,Jamall Emmers vs. Lerryan Douglas,Jamall Emmers,KO,0.2872588063233201,0.13692994657499213,0.5758112471016877,0.5201309959545367,6.414948950105952,0.3467539973030245,,0.3184276144247492,2.427277981121171,0.458882005899705,,2.302585092994046,0.6931471805599453
2026-08-22|Kennedy Nzechukwu vs. Shamil Gaziev,UFC Fight Night: Hernandez vs. Rodrigues,2026-08-22T00:00:00+00:00,Kennedy Nzechukwu vs. Shamil Gaziev,Shamil Gaziev,KO,0.5322325432193281,0.0728795941841504,0.39488786259652153,0.3816731828552478,6.324269370084856,0.0,0.20424566214363385,0.48529048488850285,2.7731440885244445,0.1772852233676976,1.8976985425946957,1.9459101490553132,2.70805020110221
2026-08-22|MarQuel Mederos vs. Mason Jones,UFC Fight Night: Hernandez vs. Rodrigues,2026-08-22T00:00:00+00:00,MarQuel Mederos vs. Mason Jones,MarQuel Mederos,KO,0.25459196271174994,0.09325849937760144,0.6521495379106486,0.4533813525410164,21.473389355742302,0.0,0.0,0.16023476057089503,2.3601440576230495,1.0454545454545452,1.0307692307692309,1.3862943611198906,1.9459101490553132
2026-08-22|Marcio Barbosa vs. Ryan Kuse,UFC Fight Night: Hernandez vs. Rodrigues,2026-08-22T00:00:00+00:00,Marcio Barbosa vs. Ryan Kuse,Marcio Barbosa,KO,0.4146294838362263,0.10167535149505041,0.4836951646687233,,,,,,,,,0.6931471805599453,0.0
2026-08-22|Reinier de Ridder vs. Roman Dolidze,UFC Fight Night: Hernandez vs. Rodrigues,2026-08-22T00:00:00+00:00,Reinier de Ridder vs. Roman Dolidze,Reinier de Ridder,KO,0.27934763544002483,0.25038750339949706,0.4702648611604782,0.39545204061184963,23.66714040001145,0.6837549619741023,1.738636363636364,0.375350677977423,10.828837538288308,0.7897434651637354,1.0167907907907907,1.9459101490553132,2.70805020110221
2026-08-22|Serghei Spivac vs. Vitor Petrino,UFC Fight Night: Hernandez vs. Rodrigues,2026-08-22T00:00:00+00:00,Serghei Spivac vs. Vitor Petrino,Vitor Petrino,DEC,0.4024417906532449,0.09276258886032061,0.5047956204864346,0.585785033565615,45.38232989945315,0.8821307311465049,1.03150220467678,0.3640363195557233,4.891587563247273,1.3494339820870431,1.386206896551724,2.302585092994046,2.772588722239781
2026-08-22|Shanelle Dyer vs. Elise Reed,UFC Fight Night: Hernandez vs. Rodrigues,2026-08-22T00:00:00+00:00,Shanelle Dyer vs. Elise Reed,Shanelle Dyer,KO,0.45162018393474274,0.08171218083447936,0.4666676352307779,0.0,168.49877706732724,0.0,1.1205543225247658,0.1279672035606216,0.0,,2.1882371198013657,0.6931471805599453,2.302585092994046
2026-08-22|Wes Schultz vs. Jackson McVey,UFC Fight Night: Hernandez vs. Rodrigues,2026-08-22T00:00:00+00:00,Wes Schultz vs. Jackson McVey,Jackson McVey,KO,0.4415291612761443,0.33609264545350326,0.22237819327035246,3.7265340431493414,299.2995236760998,1.2048192771084336,0.0,0.6248404470595561,7.509106192210702,,,1.3862943611198906,1.0986122886681096
2026-08-29|Alex Perez vs. Sumudaerji,UFC Fight Night: Nurmagomedov vs. Song,2026-08-29T00:00:00+00:00,Alex Perez vs. Sumudaerji,Sumudaerji,DEC,0.33715267503756485,0.16074945815883118,0.502097866803604,0.2695821476711098,58.01771860452465,0.7842802403538364,0.17330280921714197,0.09872725562967903,1.9484674995548443,1.551911111111111,0.34939013548593584,2.3978952727983707,2.70805020110221
2026-08-29|Aoriqileng vs. Kai Asakura,UFC Fight Night: Nurmagomedov vs. Song,2026-08-29T00:00:00+00:00,Aoriqileng vs. Kai Asakura,Kai Asakura,KO,0.39077554749758286,0.06985244951483112,0.539372002987586,1.3689407540394973,10.345601436265708,0.0,0.0,0.033905595451825254,,,1.6094506172839507,1.3862943611198906,2.302585092994046
2026-08-29|Bilal Hasan vs. Nilson Rojas,UFC Fight Night: Nurmagomedov vs. Song,2026-08-29T00:00:00+00:00,Bilal Hasan vs. Nilson Rojas,Bilal Hasan,KO,0.2648504836137726,0.18798876269688003,0.5471607536893474,,,,,,,,,0.0,0.0
2026-08-29|Ding Meng vs. Cam Nelson,UFC Fight Night: Nurmagomedov vs. Song,2026-08-29T00:00:00+00:00,Ding Meng vs. Cam Nelson,Cam Nelson,DEC,0.3993030765957369,0.20235153904938794,0.3983453843548752,,,,,,,,,0.0,0.6931471805599453
2026-08-29|Jack Jenkins vs. Sean Woodson,UFC Fight Night: Nurmagomedov vs. Song,2026-08-29T00:00:00+00:00,Jack Jenkins vs. Sean Woodson,Sean Woodson,DEC,0.46755835434852533,0.14286101881394528,0.38958062683752936,0.4151291512915129,6.8783018083843634,0.4946206798608551,0.20756457564575648,0.10700219401056901,0.6624394912219403,0.9168202764976958,0.4736458586349283,2.302585092994046,1.9459101490553132
2026-08-29|Lawrence Lui vs. Hector Santiago,UFC Fight Night: Nurmagomedov vs. Song,2026-08-29T00:00:00+00:00,Lawrence Lui vs. Hector Santiago,Hector Santiago,KO,0.4754881877704414,0.2192181687770411,0.3052936434525175,,,,,,,,,0.0,0.6931471805599453
2026-08-29|Liu Ce vs. Levi Rodrigues Jr.,UFC Fight Night: Nurmagomedov vs. Song,2026-08-29T00:00:00+00:00,Liu Ce vs. Levi Rodrigues Jr.,Liu Ce,KO,0.5634845484157853,0.1797778219308725,0.25673762965334224,,,,,,,,,0.0,0.6931471805599453
2026-08-29|Namsrai Batbayar vs. Andre Lima,UFC Fight Night: Nurmagomedov vs. Song,2026-08-29T00:00:00+00:00,Namsrai Batbayar vs. Andre Lima,Andre Lima,SUB,0.17987269208794862,0.1564778849976386,0.6636494229144129,,,,,,,0.5059319541131483,,1.6094379124341003,0.0
2026-08-29|Rei Tsuruya vs. Kevin Borjas,UFC Fight Night: Nurmagomedov vs. Song,2026-08-29T00:00:00+00:00,Rei Tsuruya vs. Kevin Borjas,Rei Tsuruya,SUB,0.12147612353487379,0.21168347974288154,0.6668403967222447,0.0,93.80137830109084,0.4502251125562781,0.6860573143714713,0.41309614420906676,10.805402701350674,0.9055333333333333,1.4829545454545452,1.3862943611198906,1.9459101490553132
2026-08-29|Umar Nurmagomedov vs. Song Yadong,UFC Fight Night: Nurmagomedov vs. Song,2026-08-29T00:00:00+00:00,Umar Nurmagomedov vs. Song Yadong,Song Yadong,KO,0.3984518944536933,0.1259132426010197,0.475634862945287,0.6309329802230011,6.759996216675013,0.24449396578427748,0.1800137153306918,0.14244183393693682,1.5322658091130033,1.5185459119496858,1.2217153284671534,2.833213344056216,2.302585092994046
2026-08-29|Xiao Long vs. Francesco Nuzzi,UFC Fight Night: Nurmagomedov vs. Song,2026-08-29T00:00:00+00:00,Xiao Long vs. Francesco Nuzzi,Francesco Nuzzi,KO,0.40795379468292137,0.19944348647275345,0.3926027188443252,,,,,,,,1.1623351181925035,0.0,1.6094379124341003
2026-08-29|Xiong Jingnan vs. Julia Polastri,UFC Fight Night: Nurmagomedov vs. Song,2026-08-29T00:00:00+00:00,Xiong Jingnan vs. Julia Polastri,Julia Polastri,KO,0.15265056316893444,0.025435023061375375,0.8219144137696902,0.0,5.141681901279707,0.41133455210237657,0.15425045703839121,0.1396343692870201,0.20566727605118829,1.1641365202411715,,1.791759469228055,0.6931471805599453
2026-08-29|Yan Xiaonan vs. Denise Gomes,UFC Fight Night: Nurmagomedov vs. Song,2026-08-29T00:00:00+00:00,Yan Xiaonan vs. Denise Gomes,Denise Gomes,KO,0.18501396486316155,0.17531411669041297,0.6396719184464255,0.5082831325301205,83.29545139081674,1.4327181999888956,0.5944831959416613,0.39200075069864715,3.2191265060240966,0.7427737226277372,1.34014598540146,2.1972245773362196,2.639057329615259
2026-09-05|Dan Hooker vs. Salahdine Parnasse,UFC Fight Night: Hooker vs. Parnasse,2026-09-05T00:00:00+00:00,Dan Hooker vs. Salahdine Parnasse,Salahdine Parnasse,KO,0.603263646261658,0.15537681366932687,0.24135954006901517,,,,,,,,1.2655782455771956,0.0,3.2188758248682006
2026-09-05|Daniil Donchenko vs. Punahele Soriano,UFC Fight Night: Hooker vs. Parnasse,2026-09-05T00:00:00+00:00,Daniil Donchenko vs. Punahele Soriano,Daniil Donchenko,DEC,0.45856636047969557,0.07121431063411231,0.4702193288861921,2.629196105775904,25.727132729399735,0.0,0.2951188282689485,0.17285931936198626,1.3145980528879522,,0.8400000000000001,1.3862943611198906,2.4849066497880004
2026-09-05|Delphine Benouaich vs. Sofia Montenegro,UFC Fight Night: Hooker vs. Parnasse,2026-09-05T00:00:00+00:00,Delphine Benouaich vs. Sofia Montenegro,Delphine Benouaich,SUB,0.30756036937972947,0.35240801901251767,0.34003161160775286,,,,,,,,,0.0,0.0
2026-09-05|Fares Ziam vs. Axel Sola,UFC Fight Night: Hooker vs. Parnasse,2026-09-05T00:00:00+00:00,Fares Ziam vs. Axel Sola,Axel Sola,KO,0.30797401889923187,0.22499573016243476,0.4670302509383334,0.944386149003148,22.77685023164154,0.6185843135823238,0.5508919202518364,0.31358539615457326,5.013249310786431,1.690529641639644,0.7284218689414501,1.3862943611198906,2.4849066497880004
2026-09-05|Kurtis Campbell vs. Trevor Peek,UFC Fight Night: Hooker vs. Parnasse,2026-09-05T00:00:00+00:00,Kurtis Campbell vs. Trevor Peek,Kurtis Campbell,SUB,0.1708318443252747,0.1948881272440257,0.6342800284306995,0.0,0.0,0.0,2.5454779199074373,0.4695479280844341,8.157099697885197,,0.5650992063492064,0.6931471805599453,1.791759469228055
2026-09-05|Losene Keita vs. Muhammad Naimov,UFC Fight Night: Hooker vs. Parnasse,2026-09-05T00:00:00+00:00,Losene Keita vs. Muhammad Naimov,Losene Keita,KO,0.4465383219819164,0.06719584436181808,0.4862658336562655,0.0,0.0,0.0,0.0,0.0,,,0.8415480102227091,0.6931471805599453,2.0794415416798357
2026-09-05|Mario Pinto vs. Ryan Spann,UFC Fight Night: Hooker vs. Parnasse,2026-09-05T00:00:00+00:00,Mario Pinto vs. Ryan Spann,Mario Pinto,KO,0.6109202623976432,0.06717011950147286,0.3219096181008839,0.8087397669301145,153.1638494031741,1.770312245721038,1.0548333002758796,0.5449928654482503,17.741330635175583,,1.6142857142857143,1.3862943611198906,2.833213344056216
2026-09-05|Matthieu Duclos vs. Luis Felipe Dias,UFC Fight Night: Hooker vs. Parnasse,2026-09-05T00:00:00+00:00,Matthieu Duclos vs. Luis Felipe Dias,Matthieu Duclos,KO,0.5354959197777562,0.12103901595555984,0.34346506426668405,,,,,,,,,0.0,0.6931471805599453
2026-09-05|Michael Aljarouj vs. Fabia Sintes,UFC Fight Night: Hooker vs. Parnasse,2026-09-05T00:00:00+00:00,Michael Aljarouj vs. Fabia Sintes,Fabia Sintes,DEC,0.3339555179801649,0.15241871793746203,0.5136257640823731,,,,,,,,,0.0,0.0
2026-09-05|Michael Page vs. Nursulton Ruziboev,UFC Fight Night: Hooker vs. Parnasse,2026-09-05T00:00:00+00:00,Michael Page vs. Nursulton Ruziboev,Michael Page,DEC,0.3648768630144882,0.10314178056412347,0.5319813564213883,0.0,15.293877551020406,0.0,0.0,0.07591542789955488,1.3401360544217686,1.1249999999999998,1.2227884615384612,1.791759469228055,1.9459101490553132
2026-09-05|Morgan Charriere vs. Felipe Lima,UFC Fight Night: Hooker vs. Parnasse,2026-09-05T00:00:00+00:00,Morgan Charriere vs. Felipe Lima,Felipe Lima,DEC,0.22084079464773376,0.21266093138296974,0.5664982739692965,0.0,4.150851436892626,0.9412463966239709,0.36363636363636354,0.20103380982099517,7.529971172991767,0.6060606060606061,0.8931419457735248,1.3862943611198906,1.9459101490553132
2026-09-05|Nathaniel Wood vs. Pavel Andrusca,UFC Fight Night: Hooker vs. Parnasse,2026-09-05T00:00:00+00:00,Nathaniel Wood vs. Pavel Andrusca,Pavel Andrusca,DEC,0.44577444826608476,0.1917348429724437,0.3624907087614716,,,,,,,,1.2123744369818412,0.0,2.70805020110221
2026-09-05|Nora Cornolle vs. Klaudia Sygula,UFC Fight Night: Hooker vs. Parnasse,2026-09-05T00:00:00+00:00,Nora Cornolle vs. Klaudia Sygula,Nora Cornolle,DEC,0.1763972439399936,0.18576395169738733,0.6378388043626191,0.22156573116691286,5.748512731559905,0.22156573116691286,0.1329394387001477,0.1428031791633353,1.7725258493353027,0.9361702127659574,0.8414634146341464,1.9459101490553132,1.3862943611198906
2026-09-05|Oumar Sy vs. Modestas Bukauskas,UFC Fight Night: Hooker vs. Parnasse,2026-09-05T00:00:00+00:00,Oumar Sy vs. Modestas Bukauskas,Modestas Bukauskas,KO,0.4396300671014483,0.1130647125730276,0.4473052203255241,0.11457670273711013,4.464923428460424,0.15471645846439666,0.07638446849140673,0.11639577700036598,0.15471645846439666,1.0578236164828343,1.3839617486338798,2.639057329615259,1.791759469228055
2026-09-19|Alonzo Menifield vs. Iwo Baraniewski,UFC 331: Van vs. Pantoja 2,2026-09-19T00:00:00+00:00,Alonzo Menifield vs. Iwo Baraniewski,Alonzo Menifield,DEC,0.4615837833708943,0.09237737423389086,0.44603884239521485,3.035299820783265,5.3412462908011875,0.22255192878338279,0.0,0.23680112818403504,1.0014836795252224,1.229979797979798,,2.8903717578961645,1.3862943611198906
2026-09-19|Arman Tsarukyan vs. Mauricio Ruffy,UFC 331: Van vs. Pantoja 2,2026-09-19T00:00:00+00:00,Arman Tsarukyan vs. Mauricio Ruffy,Arman Tsarukyan,KO,0.38107474056046003,0.20632567783670835,0.4125995816028316,0.30581039755351686,48.70838616643047,0.13689987817309365,0.48929663608562696,0.48126885416407683,5.402650356778798,1.3131844570110216,,2.5649493574615367,1.9459101490553132
2026-09-19|Casey O'Neill vs. Eduarda Moura,UFC 331: Van vs. Pantoja 2,2026-09-19T00:00:00+00:00,Casey O'Neill vs. Eduarda Moura,Casey O'Neill,SUB,0.24929535346028658,0.0912070468685713,0.6594975996711421,0.21370476748453524,72.90667647650763,1.322596023491643,0.279557367501456,0.2750210860568106,3.205571512268028,1.3095381894264577,0.8047945205479452,2.1972245773362196,1.791759469228055
2026-09-19|Edmen Shahbazyan vs. Brunno Ferreira,UFC 331: Van vs. Pantoja 2,2026-09-19T00:00:00+00:00,Edmen Shahbazyan vs. Brunno Ferreira,Edmen Shahbazyan,DEC,0.34759580095764075,0.17550524582208535,0.47689895322027387,1.0071571734723448,39.813892673019595,0.6515717437741854,0.7478145466085803,0.2037432347612332,4.04782531108521,0.6211194894468917,0.7988368044889516,2.772588722239781,2.3978952727983707
2026-09-19|Gable Steveson vs. Sean Sharaf,UFC 331: Van vs. Pantoja 2,2026-09-19T00:00:00+00:00,Gable Steveson vs. Sean Sharaf,Sean Sharaf,KO,0.5272439816602884,0.33709227049356494,0.13566374784614665,0.0,7.468879668049793,0.0,,0.04771784232365145,7.468879668049793,,,1.0986122886681096,0.6931471805599453
2026-09-19|Giga Chikadze vs. Joanderson Brito,UFC 331: Van vs. Pantoja 2,2026-09-19T00:00:00+00:00,Giga Chikadze vs. Joanderson Brito,Joanderson Brito,KO,0.31182115029320434,0.2135377535824183,0.4746410961243773,0.20521184502119555,23.72687480745111,1.5072153495795388,0.9652049571020018,0.40506180086400945,1.8469066051907603,1.1884920634920635,1.256702125760794,2.3978952727983707,2.5649493574615367
2026-09-19|Joshua Van vs. Alexandre Pantoja,UFC 331: Van vs. Pantoja 2,2026-09-19T00:00:00+00:00,Joshua Van vs. Alexandre Pantoja,Joshua Van,DEC,0.4140776080508544,0.07180782819581007,0.5141145637533355,0.7726808504903825,33.96778077993383,0.2063273727647868,0.253941381864353,0.08147782370673687,1.0211688900482536,2.1088486220409384,0.8206788042256686,2.3978952727983707,2.8903717578961645
2026-09-19|Marlon Vera vs. Charles Jourdain,UFC 331: Van vs. Pantoja 2,2026-09-19T00:00:00+00:00,Marlon Vera vs. Charles Jourdain,Marlon Vera,KO,0.21253329490173692,0.1444259111038776,0.6430407939943855,0.6885027063323577,22.33593376636799,1.0799225655731763,0.27674856773630857,0.1033956604679159,1.0199268674857778,1.9704020798709747,1.8054127268861313,3.295836866004329,2.833213344056216
2026-09-19|Michael Aswell Jr. vs. Joosang Yoo,UFC 331: Van vs. Pantoja 2,2026-09-19T00:00:00+00:00,Michael Aswell Jr. vs. Joosang Yoo,Michael Aswell Jr.,DEC,0.4613335551825365,0.14461026264848273,0.39405618216898075,2.299012780474037,85.53560800819717,0.0,0.16059957173447537,0.11044096623574237,0.9635974304068522,0.8373002754820936,,1.6094379124341003,1.0986122886681096
2026-09-19|Patricio Pitbull vs. Dooho Choi,UFC 331: Van vs. Pantoja 2,2026-09-19T00:00:00+00:00,Patricio Pitbull vs. Dooho Choi,Patricio Pitbull,KO,0.24919339815544464,0.1833579798392301,0.5674486220053252,0.0,7.202739056003912,0.3333333333333333,0.7058823529411766,0.09612284086483158,3.8740523355343606,1.0357142857142858,0.6822843674353422,1.3862943611198906,2.302585092994046
2026-09-19|Ryan Gandra vs. Ozzy Diaz,UFC 331: Van vs. Pantoja 2,2026-09-19T00:00:00+00:00,Ryan Gandra vs. Ozzy Diaz,Ryan Gandra,KO,0.5545877277347511,0.031797088566691785,0.4136151836985572,35.25648836359206,194.59607652004382,0.0,0.0,0.044047764103813815,,,,1.0986122886681096,1.3862943611198906
2026-09-19|Tai Tuivasa vs. Robelis Despaigne,UFC 331: Van vs. Pantoja 2,2026-09-19T00:00:00+00:00,Tai Tuivasa vs. Robelis Despaigne,Robelis Despaigne,DEC,0.5686116845031721,0.14629074347196735,0.2850975720248605,0.8009153318077803,12.714955706096925,0.0,0.0,0.01438343491099682,,1.7430769230769234,0.9531167484890566,1.3862943611198906,2.9444389791664403
