EVENT,BOUT,URL
UFC 332: Silva vs. Wang,Natalia Silva vs. Wang Cong,http://ufcstats.com/fight-details/3f804eec9183e597
UFC 332: Silva vs. Wang,Deiveson Figueiredo vs. Payton Talbott,http://ufcstats.com/fight-details/514366f770553cc9
UFC 332: Silva vs. Wang,King Green vs. Esteban Ribovics,http://ufcstats.com/fight-details/c93d7f60674df307
UFC 332: Silva vs. Wang,Roberto Soldic vs. Khaos Williams,http://ufcstats.com/fight-details/a7c8722ad85eee5f
UFC 332: Silva vs. Wang,Ateba Gautier vs. Roman Kopylov,http://ufcstats.com/fight-details/ec45db01699c4b05
UFC 332: Silva vs. Wang,Imanol Rodriguez vs. Alden Coria,http://ufcstats.com/fight-details/54bbe6d1eb248128
UFC 332: Silva vs. Wang,Damian Pinas vs. Andrey Pulyaev,http://ufcstats.com/fight-details/31b85cd63fb291ed
UFC 332: Silva vs. Wang,Marcus McGhee vs. Anthony Romero,http://ufcstats.com/fight-details/041f9b7dd3542fa6
UFC 332: Silva vs. Wang,Anthony Wint vs. Lucas Armand,http://ufcstats.com/fight-details/bd673bf80b95d350
UFC 332: Silva vs. Wang,Johnny Walker vs. Mick Parkin,http://ufcstats.com/fight-details/e92092a37dc1cfc8
UFC 332: Silva vs. Wang,Jacobe Smith vs. Bruce Whitehead,http://ufcstats.com/fight-details/bc35fb29afba68b9
UFC 332: Silva vs. Wang,Rafael Dos Anjos vs. Alexander Hernandez,http://ufcstats.com/fight-details/d0d2339f56681707
UFC 332: Silva vs. Wang,Marvin Vettori vs. Ismail Naurdiev,http://ufcstats.com/fight-details/bf93e735845cb960
UFC 332: Silva vs. Wang,Court McGee vs. Eric Nolan,http://ufcstats.com/fight-details/e87db876810cbc3c
