EVENT,BOUT,ROUND,FIGHTER,KD,SIG.STR.,SIG.STR. %,TOTAL STR.,TD,TD %,SUB.ATT,REV.,CTRL,HEAD,BODY,LEG,DISTANCE,CLINCH,GROUND
UFC 331: Van vs. Pantoja 2,Joshua Van vs. Alexandre Pantoja,Round 1,Joshua Van,0.0,13 of 27,48%,46 of 61,0 of 0,---,0.0,1.0,0:45,13 of 26,0 of 1,0 of 0,9 of 22,4 of 5,0 of 0
UFC 331: Van vs. Pantoja 2,Joshua Van vs. Alexandre Pantoja,Round 2,Joshua Van,0.0,37 of 64,57%,48 of 76,0 of 0,---,0.0,0.0,0:20,27 of 52,7 of 8,3 of 4,31 of 55,6 of 9,0 of 0
UFC 331: Van vs. Pantoja 2,Joshua Van vs. Alexandre Pantoja,Round 3,Joshua Van,0.0,65 of 98,66%,67 of 101,0 of 0,---,0.0,0.0,0:14,54 of 86,9 of 10,2 of 2,58 of 91,7 of 7,0 of 0
UFC 331: Van vs. Pantoja 2,Joshua Van vs. Alexandre Pantoja,Round 4,Joshua Van,0.0,14 of 28,50%,41 of 57,0 of 0,---,0.0,0.0,0:00,13 of 27,1 of 1,0 of 0,14 of 28,0 of 0,0 of 0
UFC 331: Van vs. Pantoja 2,Joshua Van vs. Alexandre Pantoja,Round 5,Joshua Van,1.0,52 of 88,59%,57 of 97,0 of 0,---,1.0,0.0,0:54,51 of 87,0 of 0,1 of 1,48 of 82,0 of 0,4 of 6
UFC 331: Van vs. Pantoja 2,Joshua Van vs. Alexandre Pantoja,Round 1,Alexandre Pantoja,0.0,27 of 45,60%,30 of 48,2 of 3,66%,0.0,0.0,2:25,20 of 38,4 of 4,3 of 3,18 of 35,4 of 4,5 of 6
UFC 331: Van vs. Pantoja 2,Joshua Van vs. Alexandre Pantoja,Round 2,Alexandre Pantoja,0.0,32 of 76,42%,33 of 78,1 of 5,20%,0.0,0.0,1:31,21 of 60,9 of 11,2 of 5,23 of 66,8 of 9,1 of 1
UFC 331: Van vs. Pantoja 2,Joshua Van vs. Alexandre Pantoja,Round 3,Alexandre Pantoja,0.0,36 of 71,50%,37 of 72,1 of 6,16%,0.0,0.0,1:17,25 of 59,7 of 8,4 of 4,33 of 67,3 of 4,0 of 0
UFC 331: Van vs. Pantoja 2,Joshua Van vs. Alexandre Pantoja,Round 4,Alexandre Pantoja,0.0,14 of 22,63%,21 of 32,1 of 2,50%,0.0,0.0,3:58,11 of 19,1 of 1,2 of 2,13 of 21,0 of 0,1 of 1
UFC 331: Van vs. Pantoja 2,Joshua Van vs. Alexandre Pantoja,Round 5,Alexandre Pantoja,0.0,38 of 70,54%,38 of 70,0 of 2,0%,0.0,0.0,0:00,14 of 37,9 of 13,15 of 20,37 of 69,1 of 1,0 of 0
UFC 331: Van vs. Pantoja 2,Arman Tsarukyan vs. Mauricio Ruffy,Round 1,Arman Tsarukyan,1.0,8 of 19,42%,9 of 20,1 of 10,10%,0.0,0.0,3:00,7 of 14,0 of 1,1 of 4,3 of 13,5 of 6,0 of 0
UFC 331: Van vs. Pantoja 2,Arman Tsarukyan vs. Mauricio Ruffy,Round 1,Mauricio Ruffy,0.0,4 of 10,40%,22 of 28,0 of 0,---,0.0,0.0,0:06,3 of 7,1 of 2,0 of 1,2 of 8,2 of 2,0 of 0
UFC 331: Van vs. Pantoja 2,Patricio Pitbull vs. Dooho Choi,Round 1,Patricio Pitbull,1.0,38 of 75,50%,38 of 75,0 of 0,---,0.0,0.0,0:05,29 of 65,9 of 9,0 of 1,26 of 60,3 of 3,9 of 12
UFC 331: Van vs. Pantoja 2,Patricio Pitbull vs. Dooho Choi,Round 1,Dooho Choi,0.0,20 of 46,43%,20 of 46,0 of 0,---,0.0,0.0,0:00,17 of 42,3 of 4,0 of 0,18 of 43,2 of 3,0 of 0
UFC 331: Van vs. Pantoja 2,Gable Steveson vs. Sean Sharaf,Round 1,Gable Steveson,0.0,1 of 2,50%,1 of 2,0 of 0,---,0.0,0.0,0:00,0 of 1,0 of 0,1 of 1,1 of 2,0 of 0,0 of 0
UFC 331: Van vs. Pantoja 2,Gable Steveson vs. Sean Sharaf,Round 1,Sean Sharaf,1.0,3 of 6,50%,3 of 6,0 of 0,---,0.0,0.0,0:02,3 of 6,0 of 0,0 of 0,1 of 4,0 of 0,2 of 2
UFC 331: Van vs. Pantoja 2,Alonzo Menifield vs. Iwo Baraniewski,Round 1,Alonzo Menifield,0.0,10 of 42,23%,10 of 42,0 of 1,0%,0.0,0.0,0:28,9 of 41,0 of 0,1 of 1,9 of 41,1 of 1,0 of 0
UFC 331: Van vs. Pantoja 2,Alonzo Menifield vs. Iwo Baraniewski,Round 2,Alonzo Menifield,0.0,34 of 81,41%,49 of 102,0 of 2,0%,0.0,0.0,0:38,31 of 77,2 of 3,1 of 1,26 of 67,8 of 14,0 of 0
UFC 331: Van vs. Pantoja 2,Alonzo Menifield vs. Iwo Baraniewski,Round 3,Alonzo Menifield,0.0,18 of 39,46%,81 of 102,1 of 2,50%,0.0,0.0,1:48,16 of 37,2 of 2,0 of 0,7 of 24,11 of 15,0 of 0
UFC 331: Van vs. Pantoja 2,Alonzo Menifield vs. Iwo Baraniewski,Round 1,Iwo Baraniewski,0.0,17 of 42,40%,25 of 52,1 of 1,100%,0.0,0.0,1:19,15 of 39,2 of 3,0 of 0,15 of 38,1 of 3,1 of 1
UFC 331: Van vs. Pantoja 2,Alonzo Menifield vs. Iwo Baraniewski,Round 2,Iwo Baraniewski,0.0,33 of 50,66%,35 of 52,0 of 0,---,0.0,0.0,1:03,26 of 42,7 of 8,0 of 0,26 of 42,7 of 8,0 of 0
UFC 331: Van vs. Pantoja 2,Alonzo Menifield vs. Iwo Baraniewski,Round 3,Iwo Baraniewski,0.0,17 of 29,58%,29 of 42,0 of 2,0%,0.0,0.0,1:57,11 of 23,4 of 4,2 of 2,9 of 17,8 of 12,0 of 0
UFC 331: Van vs. Pantoja 2,Marlon Vera vs. Charles Jourdain,Round 1,Marlon Vera,0.0,21 of 38,55%,25 of 42,2 of 2,100%,0.0,0.0,1:16,12 of 27,6 of 8,3 of 3,8 of 21,11 of 13,2 of 4
UFC 331: Van vs. Pantoja 2,Marlon Vera vs. Charles Jourdain,Round 2,Marlon Vera,2.0,38 of 66,57%,42 of 72,1 of 1,100%,0.0,0.0,0:57,21 of 43,11 of 14,6 of 9,20 of 40,6 of 8,12 of 18
UFC 331: Van vs. Pantoja 2,Marlon Vera vs. Charles Jourdain,Round 3,Marlon Vera,1.0,13 of 24,54%,13 of 24,0 of 0,---,0.0,0.0,0:02,5 of 15,5 of 6,3 of 3,9 of 20,4 of 4,0 of 0
UFC 331: Van vs. Pantoja 2,Marlon Vera vs. Charles Jourdain,Round 1,Charles Jourdain,0.0,28 of 42,66%,43 of 58,0 of 1,0%,0.0,0.0,0:00,5 of 16,15 of 18,8 of 8,20 of 30,8 of 12,0 of 0
UFC 331: Van vs. Pantoja 2,Marlon Vera vs. Charles Jourdain,Round 2,Charles Jourdain,0.0,40 of 59,67%,48 of 67,0 of 0,---,0.0,0.0,0:00,18 of 33,16 of 19,6 of 7,29 of 45,11 of 14,0 of 0
UFC 331: Van vs. Pantoja 2,Marlon Vera vs. Charles Jourdain,Round 3,Charles Jourdain,0.0,15 of 26,57%,17 of 28,0 of 0,---,0.0,0.0,0:00,4 of 13,7 of 8,4 of 5,10 of 19,5 of 7,0 of 0
UFC 331: Van vs. Pantoja 2,Tai Tuivasa vs. Robelis Despaigne,Round 1,Tai Tuivasa,0.0,15 of 29,51%,26 of 40,1 of 3,33%,0.0,0.0,2:08,8 of 21,7 of 7,0 of 1,4 of 16,1 of 1,10 of 12
UFC 331: Van vs. Pantoja 2,Tai Tuivasa vs. Robelis Despaigne,Round 2,Tai Tuivasa,0.0,7 of 17,41%,13 of 23,0 of 2,0%,0.0,0.0,2:22,3 of 11,1 of 1,3 of 5,2 of 7,5 of 10,0 of 0
UFC 331: Van vs. Pantoja 2,Tai Tuivasa vs. Robelis Despaigne,Round 3,Tai Tuivasa,0.0,9 of 22,40%,15 of 30,0 of 1,0%,0.0,0.0,2:28,6 of 17,1 of 1,2 of 4,6 of 14,3 of 8,0 of 0
UFC 331: Van vs. Pantoja 2,Tai Tuivasa vs. Robelis Despaigne,Round 1,Robelis Despaigne,0.0,19 of 39,48%,33 of 53,0 of 0,---,0.0,0.0,1:48,19 of 39,0 of 0,0 of 0,12 of 28,1 of 1,6 of 10
UFC 331: Van vs. Pantoja 2,Tai Tuivasa vs. Robelis Despaigne,Round 2,Robelis Despaigne,0.0,3 of 12,25%,15 of 26,1 of 1,100%,0.0,0.0,1:39,2 of 11,1 of 1,0 of 0,3 of 10,0 of 2,0 of 0
UFC 331: Van vs. Pantoja 2,Tai Tuivasa vs. Robelis Despaigne,Round 3,Robelis Despaigne,0.0,8 of 18,44%,35 of 49,1 of 1,100%,0.0,0.0,1:41,8 of 18,0 of 0,0 of 0,3 of 10,5 of 8,0 of 0
UFC 331: Van vs. Pantoja 2,Michael Aswell Jr. vs. JooSang Yoo,Round 1,Michael Aswell Jr.,0.0,28 of 59,47%,30 of 61,0 of 0,---,0.0,0.0,0:01,17 of 46,2 of 2,9 of 11,25 of 56,3 of 3,0 of 0
UFC 331: Van vs. Pantoja 2,Michael Aswell Jr. vs. JooSang Yoo,Round 2,Michael Aswell Jr.,0.0,23 of 46,50%,26 of 51,0 of 1,0%,0.0,0.0,0:50,12 of 34,2 of 2,9 of 10,19 of 41,4 of 5,0 of 0
UFC 331: Van vs. Pantoja 2,Michael Aswell Jr. vs. JooSang Yoo,Round 3,Michael Aswell Jr.,0.0,19 of 40,47%,37 of 59,0 of 0,---,0.0,0.0,0:20,11 of 31,1 of 2,7 of 7,18 of 39,1 of 1,0 of 0
UFC 331: Van vs. Pantoja 2,Michael Aswell Jr. vs. JooSang Yoo,Round 1,JooSang Yoo,0.0,23 of 58,39%,23 of 58,0 of 1,0%,0.0,0.0,0:04,15 of 45,3 of 4,5 of 9,23 of 58,0 of 0,0 of 0
UFC 331: Van vs. Pantoja 2,Michael Aswell Jr. vs. JooSang Yoo,Round 2,JooSang Yoo,0.0,14 of 35,40%,16 of 37,0 of 1,0%,0.0,0.0,0:02,13 of 32,0 of 1,1 of 2,14 of 34,0 of 1,0 of 0
UFC 331: Van vs. Pantoja 2,Michael Aswell Jr. vs. JooSang Yoo,Round 3,JooSang Yoo,0.0,9 of 36,25%,12 of 40,1 of 2,50%,0.0,0.0,2:12,7 of 33,1 of 1,1 of 2,7 of 34,2 of 2,0 of 0
UFC 331: Van vs. Pantoja 2,Ryan Gandra vs. Ozzy Diaz,Round 1,Ryan Gandra,1.0,16 of 34,47%,16 of 34,0 of 0,---,0.0,0.0,0:03,13 of 29,1 of 3,2 of 2,10 of 26,0 of 0,6 of 8
UFC 331: Van vs. Pantoja 2,Ryan Gandra vs. Ozzy Diaz,Round 1,Ozzy Diaz,0.0,3 of 4,75%,3 of 4,0 of 0,---,0.0,0.0,0:00,1 of 2,1 of 1,1 of 1,3 of 4,0 of 0,0 of 0
UFC 331: Van vs. Pantoja 2,Edmen Shahbazyan vs. Brunno Ferreira,Round 1,Edmen Shahbazyan,0.0,21 of 35,60%,21 of 35,0 of 0,---,0.0,0.0,0:00,4 of 10,3 of 4,14 of 21,21 of 35,0 of 0,0 of 0
UFC 331: Van vs. Pantoja 2,Edmen Shahbazyan vs. Brunno Ferreira,Round 2,Edmen Shahbazyan,0.0,15 of 33,45%,15 of 33,0 of 0,---,0.0,0.0,0:00,7 of 22,4 of 5,4 of 6,15 of 33,0 of 0,0 of 0
UFC 331: Van vs. Pantoja 2,Edmen Shahbazyan vs. Brunno Ferreira,Round 3,Edmen Shahbazyan,1.0,25 of 42,59%,27 of 44,1 of 3,33%,0.0,0.0,0:57,18 of 34,4 of 5,3 of 3,20 of 37,4 of 4,1 of 1
UFC 331: Van vs. Pantoja 2,Edmen Shahbazyan vs. Brunno Ferreira,Round 1,Brunno Ferreira,0.0,2 of 10,20%,2 of 10,0 of 0,---,0.0,0.0,0:00,2 of 10,0 of 0,0 of 0,2 of 10,0 of 0,0 of 0
UFC 331: Van vs. Pantoja 2,Edmen Shahbazyan vs. Brunno Ferreira,Round 2,Brunno Ferreira,0.0,15 of 43,34%,15 of 43,0 of 0,---,0.0,0.0,0:00,6 of 28,0 of 1,9 of 14,15 of 43,0 of 0,0 of 0
UFC 331: Van vs. Pantoja 2,Edmen Shahbazyan vs. Brunno Ferreira,Round 3,Brunno Ferreira,0.0,15 of 55,27%,16 of 56,0 of 0,---,0.0,0.0,0:00,8 of 43,1 of 6,6 of 6,13 of 52,2 of 3,0 of 0
UFC 331: Van vs. Pantoja 2,Casey O'Neill vs. Eduarda Moura,Round 1,Casey O'Neill,0.0,1 of 4,25%,1 of 4,0 of 0,---,1.0,0.0,0:00,0 of 3,0 of 0,1 of 1,1 of 4,0 of 0,0 of 0
UFC 331: Van vs. Pantoja 2,Casey O'Neill vs. Eduarda Moura,Round 1,Eduarda Moura,0.0,3 of 7,42%,13 of 20,0 of 0,---,1.0,0.0,3:12,3 of 7,0 of 0,0 of 0,1 of 3,0 of 0,2 of 4
UFC 331: Van vs. Pantoja 2,Giga Chikadze vs. Joanderson Brito,Round 1,Giga Chikadze,0.0,7 of 12,58%,13 of 18,0 of 0,---,0.0,0.0,0:00,3 of 8,4 of 4,0 of 0,7 of 12,0 of 0,0 of 0
UFC 331: Van vs. Pantoja 2,Giga Chikadze vs. Joanderson Brito,Round 1,Joanderson Brito,0.0,20 of 27,74%,24 of 31,0 of 0,---,0.0,0.0,0:39,18 of 25,0 of 0,2 of 2,3 of 8,0 of 0,17 of 19
